{
    "parent":"minecraft:item/generated",
    "display": {
        "thirdperson_righthand": {
            "translation": [ 0, 4, 1 ],
            "scale": [ 0.55, 0.55, 0.55 ]
        },
        "firstperson_righthand": {
            "rotation": [ 0, -90, 25 ],
            "translation": [ 0, 3, 0 ],
            "scale": [ 0.34, 0.34, 0.34 ]
        },
        "gui": {
            "translation": [ 0, 2, 0 ]
        },
        "head": {
            "translation": [ 0, 14, -5 ]
        }
    }
}