{
    "parent":"minecraft:block/big_dripleaf",
    "display": {
        "thirdperson_righthand": {
            "translation": [ 0, 1, 0 ],
            "scale": [ 0.55, 0.55, 0.55 ]
        },
        "firstperson_righthand": {
            "translation": [ 1.13, 0, 1.13 ],
            "scale": [ 0.34, 0.34, 0.34 ]
        },
        "gui": {
            "rotation": [ 30, 225, 0 ],
            "translation": [ 0, -2, 0 ],
            "scale": [ 0.625, 0.625, 0.625 ]
        },
        "fixed": {
            "translation": [ 0, 0, -1 ],
            "scale": [ 0.5, 0.5, 0.5 ]
        }
    }
}