{
    "parent":"item/generated",
    "textures": {
        "layer0":"item/brush"
    },
    "display": {
        "thirdperson_righthand": {
            "rotation": [ 0, 0, 45 ],
            "translation": [ 0, 4, 0 ],
            "scale": [ 0.9, 0.9, 0.9 ]
        },
        "thirdperson_lefthand": {
            "rotation": [ 0, 0, -45 ],
            "translation": [ 0, 4, 0 ],
            "scale": [ 0.9, 0.9, 0.9 ]
        },
        "firstperson_lefthand": {
            "rotation": [ 55, -85, 0 ],
            "translation": [ 8, 0.5, -5.5 ],
            "scale": [ 0.5, 0.5, 0.5 ]
        }
    }
}