{
    "parent":"builtin/entity",
    "textures": {
        "particle":"block/conduit"
    },
    "display": {
        "thirdperson_righthand": {
            "rotation": [ 75, 315, 0 ],
            "translation": [ 0, 2.5, 0 ],
            "scale": [ 0.5, 0.5, 0.5 ]
        },
        "firstperson_righthand": {
            "rotation": [ 0, 315, 0 ],
            "scale": [ 0.4, 0.4, 0.4 ]
        },
        "ground": {
            "translation": [ 0, 3, 0 ],
            "scale": [ 0.5, 0.5, 0.5 ]
        },
        "gui": {
            "rotation": [ 30, 45, 0 ]
        },
        "head": {
            "rotation": [ 0, 180, 0 ]
        },
        "fixed": {
            "rotation": [ 0, 180, 0 ]
        }
    }
}