{
    "parent":"item/generated",
    "textures": {
        "layer0":"item/goat_horn"
    },
    "overrides": [
        {
            "predicate": {
                "tooting": 1
            },
            "model":"item/tooting_goat_horn"
        }
    ],
    "display": {
        "thirdperson_righthand": {
            "rotation": [ 0, 180, 0 ],
            "translation": [ 0, 3, 1 ],
            "scale": [ 0.55, 0.55, 0.55 ]
        },
        "thirdperson_lefthand": {
            "translation": [ 0, 3, 1 ],
            "scale": [ 0.55, 0.55, 0.55 ]
        },
        "firstperson_righthand": {
            "rotation": [ 0, -90, 25 ],
            "translation": [ 1.13, 3.2, 1.13 ],
            "scale": [ 0.34, 0.34, 0.34 ]
        },
        "firstperson_lefthand": {
            "rotation": [ 0, 90, -25 ],
            "translation": [ 1.13, 3.2, 1.13 ],
            "scale": [ 0.34, 0.34, 0.34 ]
        }
    }
}