{
	"parent": "minecraft:item/generated",
	"textures": {
		"layer0": "item/spyglass"
	},
	"display": {
		"thirdperson_righthand": {
			"rotation": [ 0, 90, 55 ],
			"translation": [ 0, 2.5, 1.75 ],
			"scale": [ 0.84, 0.84, 0.84 ]
		},
		"thirdperson_lefthand": {
			"rotation": [ 0, -90, -55 ],
			"translation": [ 0, 2.5, 1.75 ],
			"scale": [ 0.84, 0.84, 0.84 ]
		},
		"firstperson_righthand": {
			"rotation": [ 0, -90, 25 ],
			"translation": [ 1.13, 3.2, 1.13 ],
			"scale": [ 0.34, 0.34, 0.34 ]
		},
		"firstperson_lefthand": {
			"rotation": [ 0, -90, -61 ],
			"translation": [ 1.13, 3.5, 1.13 ],
			"scale": [ 0.34, 0.34, 0.34 ]
		},
		"head": {
			"rotation": [ 0, 90, -45],
			"translation": [ 0, 0, -15.5]
		}
	}
}