{
    "parent":"builtin/entity",
    "display": {
        "thirdperson_righthand": {
            "rotation": [ 75, 315, 0 ],
            "translation": [ 0, 2.5, 0 ],
            "scale": [ 0.375, 0.375, 0.375 ]
        },
        "firstperson_righthand": {
            "rotation": [ 0, 315, 0 ],
            "scale": [ 0.2, 0.2, 0.2 ]
        },
        "ground": {
            "translation": [ 0, 3, 0 ],
            "scale": [ 0.25, 0.25, 0.25 ]
        },
        "gui": {
            "rotation": [ 30, 45, 0 ],
            "scale": [ 0.625, 0.625, 0.625 ]
        },
        "head": {
            "rotation" :[ 0, 180, 0 ]
        },
        "fixed": {
            "rotation": [ 0, 180, 0 ],
            "scale": [ 0.5, 0.5, 0.5 ]
        }
    }
}