{
    "parent":"block/cube",
    "textures": {
        "particle":"#pattern"
    },
    "elements": [
        {
            "from": [ 0, 0, 0 ],
            "to": [ 16, 16, 16 ],
            "faces": {
                "north": {
                    "uv": [ 0, 0, 16, 16 ],
                    "rotation": 90,
                    "texture":"#pattern",
                    "cullface":"north"
                },
                "east": {
                    "uv": [ 0, 0, 16, 16 ],
                    "rotation": 180,
                    "texture":"#pattern",
                    "cullface":"east"
                },
                "south": {
                    "uv": [ 0, 0, 16, 16 ],
                    "rotation": 270,
                    "texture":"#pattern",
                    "cullface":"south"
                },
                "west": {
                    "uv": [ 0, 0, 16, 16 ],
                    "texture":"#pattern",
                    "cullface":"west"
                },
                "up": {
                    "uv": [ 0, 0, 16, 16 ],
                    "texture":"#pattern",
                    "cullface":"up"
                },
                "down": {
                    "uv": [ 0, 0, 16, 16 ],
                    "texture":"#pattern",
                    "cullface":"down"
                }
            }
        }
    ],
    "display": {
        "firstperson_righthand": {
            "rotation": [ 0, 135, 0 ],
            "scale": [ 0.2, 0.2, 0.2 ]
        }
    }
}